new_object_id,mean_epoch,ra,dcl,pi,sigma_pi,mu_x,mu_y,sigma_mu_x,sigma_mu_y,mean_u,mean_v,mean_g,mean_r,mean_i,mean_z,sigma_u,sigma_v,sigma_g,sigma_r,sigma_i,sigma_z,petro_u,petro_v,petro_g,petro_r,petro_i,petro_z,petro_sigma_u,petro_sigma_v,petro_sigma_g,petro_sigma_r,petro_sigma_i,petro_sigma_z,variability,transient,a,b,theta,sigma_a,sigma_b,sigma_theta,radius_frac_20,radius_frac_90,class_star,class_desc,field_id_1,object_id_1,field_id_2,object_id_2,field_id_3,object_id_3,field_id_4,object_id_4
9876219,1,178.178583198481,-2.1998264,9.9999997E-5,0.0099999998,9.9999997E-5,9.9999997E-5,0.0099999998,0.0099999998,-0.247839,-0.247839,6.8167149E-4,0.30536801,1.413608,3.6036129,0.22715145,0.22715145,0.091756038,0.12409206,0.19490489,0.80834299,-0.86936498,-0.86936498,-0.032540999,0.240436,1.292915,2.5497539,0.81772685,0.81772685,0.21229471,0.31598327,0.44324958,1.9146621,1.2226329E-40,false,0.66419804,13.28396,126.62684,-223.6068,-4472.1357,5.0,0.562962,0.85265499,0.99000001," 'Star'   ",1,39,0,0,0,0,0,0
9878043,1,178.172258482701,-2.1755983,9.9999997E-5,0.0099999998,9.9999997E-5,9.9999997E-5,0.0099999998,0.0099999998,0.067489997,0.067489997,0.403483,1.452037,2.6861689,2.969662,0.22974609,0.22974609,0.093274117,0.13086155,0.20255449,0.80280119,-0.117041,-0.117041,0.45064801,1.121446,2.2114961,3.2374561,0.32149938,0.32149938,0.12990883,0.20356934,0.29702467,1.2611213,1.2226329E-40,false,0.44304425,1.6551572,104.80055,0.059233535,0.22128901,5.0,0.45339999,0.95236599,0.99000001," 'Star'   ",1,71,0,0,0,0,0,0
9880323,1,178.224384990146,-2.18734471,9.9999997E-5,0.0099999998,9.9999997E-5,9.9999997E-5,0.0099999998,0.0099999998,0.63792199,0.63792199,0.025661999,0.02551,0.073297001,5.8995471,0.24070396,0.24070396,0.21942781,0.12398136,0.1878823,1.3064207,0.47675899,0.47675899,0.057440002,0.17393599,-0.0026954811,4.715106,0.41304034,0.41304034,0.18342374,0.34150144,0.39727446,1.7674881,1.2226329E-40,false,0.77862597,11.331732,17.111275,-262.12976,-3814.9048,5.0,2.1346619,2.3401611,0.99000001," 'Star'   ",1,111,0,0,0,0,0,0
9881691,1,178.218423172288,-2.18072239,9.9999997E-5,0.0099999998,9.9999997E-5,9.9999997E-5,0.0099999998,0.0099999998,10.480083,10.480083,30.382797,45.81086,53.459515,57.249882,0.39003178,0.39003178,0.4455184,0.79022598,0.99104327,1.5036182,10.100477,10.100477,29.013062,43.656834,50.966457,51.111847,0.46991348,0.46991348,0.23943527,0.35009387,0.46576759,1.7509913,1.2226329E-40,false,1.1641617,1.1644843,103.28809,0.014738958,0.014743042,5.0,0.59022301,1.321404,0.99000001," 'Star'   ",1,135,0,0,0,0,0,0
9881748,1,178.219269040709,-2.2144462,9.9999997E-5,0.0099999998,9.9999997E-5,9.9999997E-5,0.0099999998,0.0099999998,6.2537212,6.2537212,13.162024,17.143764,18.556492,19.548635,0.32494929,0.32494929,0.2265269,0.33526731,0.40757099,0.95778233,5.769711,5.769711,12.621663,16.021345,17.991188,17.276543,0.43643498,0.43643498,0.2093236,0.29788807,0.41499883,1.6512737,1.2226329E-40,false,1.0265131,1.2508934,68.311562,0.030781904,0.037510365,5.0,0.575185,1.291847,0.99000001," 'Star'   ",1,136,0,0,0,0,0,0
9883914,1,178.233488796439,-2.1969835,9.9999997E-5,0.0099999998,9.9999997E-5,9.9999997E-5,0.0099999998,0.0099999998,0.63205302,0.63205302,0.18445399,0.78910798,0.553886,0.99093598,0.24193488,0.24193488,0.09237919,0.12814775,0.5539704,0.79329187,0.177543,0.177543,0.311075,0.88274997,0.056618001,-0.032439999,0.67809904,0.67809904,0.27289543,0.46416911,0.7543686,2.5504978,1.2226329E-40,false,0.39823297,7.9646592,80.134132,0.24762484,4.952497,5.0,0.69625199,1.604226,0.99000001," 'Star'   ",1,174,0,0,0,0,0,0
9886707,1,178.168915211888,-2.1828653,9.9999997E-5,0.0099999998,9.9999997E-5,9.9999997E-5,0.0099999998,0.0099999998,0.013169,0.013169,0.44270301,1.121578,1.5246789,1.5194989,0.2276798,0.2276798,0.093768768,0.12861107,0.19513142,0.79458398,0.84908497,0.84908497,0.67193902,0.93066901,1.382175,2.7353079,0.35832521,0.35832521,0.14846088,0.22738908,0.31696698,1.3708795,1.2226329E-40,false,0.38910317,2.4015305,98.717865,0.011852225,0.073151499,5.0,0.51233602,0.87956601,0.99000001," 'Star'   ",1,223,0,0,0,0,0,0
9912243,1,178.267326481497,-2.18328873,9.9999997E-5,0.0099999998,9.9999997E-5,9.9999997E-5,0.0099999998,0.0099999998,0.19266599,0.19266599,0.189878,0.18874,2.2622941,3.80949,0.23798199,0.23798199,0.092011027,0.12582798,0.19787954,0.81085962,0.065050997,0.065050997,-0.148607,-0.24522699,2.2457731,8.4709826,0.51284385,0.51284385,0.22210522,1.3150338,0.48843268,2.97105,1.2226329E-40,false,0.93785137,9.4078665,128.7845,-315.73407,-3167.2224,5.0,-9999.0,-9999.0,0.99000001," 'Star'   ",1,671,0,0,0,0,0,0
9917145,1,178.206055964887,-2.16096035,9.9999997E-5,0.0099999998,9.9999997E-5,9.9999997E-5,0.0099999998,0.0099999998,4.648067,4.648067,17.483089,31.098719,38.69128,44.459995,0.29820204,0.29820204,0.27945939,0.5539583,0.73874527,1.2995838,4.0028968,4.0028968,16.810385,29.649513,37.746925,41.739597,0.42556855,0.42556855,0.21409228,0.32861874,0.44578597,1.7129467,1.2226329E-40,false,0.9912492,1.3287951,103.79814,0.018528072,0.024837356,5.0,0.58526099,1.35779,0.99000001," 'Star'   ",1,757,0,0,0,0,0,0
9934986,1,178.194213002933,-2.16561428,9.9999997E-5,0.0099999998,9.9999997E-5,9.9999997E-5,0.0099999998,0.0099999998,0.77710801,0.77710801,0.27906299,0.83808398,1.0479701,1.995062,0.24117677,0.24117677,0.092130452,0.12743221,0.19197616,0.79718584,0.79118901,0.79118901,0.051399998,0.63323998,0.85643601,1.799775,0.35155296,0.35155296,0.1446566,0.22658218,0.32307053,1.3643936,1.2226329E-40,false,0.30566081,3.0596678,15.709983,0.052181199,0.52233434,5.0,0.46703699,0.82847798,0.99000001," 'Star'   ",1,1070,0,0,0,0,0,0
9877872,1,178.173910016672,-2.2023241,9.9999997E-5,0.0099999998,9.9999997E-5,9.9999997E-5,0.0099999998,0.0099999998,0.280094,0.280094,0.35732701,1.6973341,3.6315179,5.9348259,0.23439488,0.23439488,0.086467721,0.16436578,0.21086305,0.82502437,-0.002195261,-0.002195261,0.730151,2.7392721,5.9259119,11.239292,0.72151631,0.72151631,0.36683258,0.48935717,0.92564112,3.2271669,1.2226329E-40,false,1.478494,2.956243,73.915565,0.40632644,0.81244814,5.0,0.93789101,2.3036361,0.0099999998," 'Galaxy' ",1,68,0,0,0,0,0,0
9883971,1,178.226560233526,-2.16244904,9.9999997E-5,0.0099999998,9.9999997E-5,9.9999997E-5,0.0099999998,0.0099999998,0.203503,0.203503,0.331422,1.28091,3.444819,5.4669132,0.23711464,0.23711464,0.09232375,0.13116175,0.20817362,0.82177258,-0.60448998,-0.60448998,0.133854,1.533118,4.8419442,11.36682,0.5595023,0.5595023,0.28455073,0.38796797,0.53635675,2.3944421,1.2226329E-40,false,0.95578569,2.774833,84.691643,0.1590391,0.46172163,5.0,0.74414599,1.342335,0.0099999998," 'Galaxy' ",1,175,0,0,0,0,0,0
10007034,1,178.195743660269,-2.17219463,9.9999997E-5,0.0099999998,9.9999997E-5,9.9999997E-5,0.0099999998,0.0099999998,-0.238133,-0.238133,-0.011033,0.30295199,1.320798,1.980186,0.2279212,0.2279212,0.090779789,0.12440649,0.56135404,0.79706836,-0.480856,-0.480856,0.29464,0.42597401,0.81644601,3.374927,0.36549073,0.36549073,0.31582823,0.21831475,0.2999337,1.3153181,1.2226329E-40,false,2.5285192,50.570381,23.823118,-223.6068,-4472.1357,5.0,0.91537499,1.596782,0.99000001," 'Star'   ",1,2334,0,0,0,0,0,0
9885453,1,178.219994032496,-2.2171003,9.9999997E-5,0.0099999998,9.9999997E-5,9.9999997E-5,0.0099999998,0.0099999998,0.97331101,0.97331101,2.007199,5.974247,9.0077782,12.467316,0.24750978,0.24750978,0.10522127,0.17718592,0.26933986,0.8823517,3.5041749,3.5041749,2.984576,11.707229,18.150187,26.546909,1.0667142,1.0667142,0.4403325,0.63143963,0.92714804,4.0018573,1.2226329E-40,false,2.3893228,2.9439042,76.411896,0.23551722,0.29018271,5.0,1.126528,2.8220241,0.0099999998," 'Galaxy' ",1,201,0,0,0,0,0,0
9885510,1,178.21902728744,-2.2279264,9.9999997E-5,0.0099999998,9.9999997E-5,9.9999997E-5,0.0099999998,0.0099999998,0.41837201,0.41837201,0.52037299,0.67543399,0.58774602,1.149668,0.24065186,0.24065186,0.095031716,0.12725239,0.19091466,0.79448593,1.893118,1.893118,0.013003,0.70219499,1.307915,3.600086,0.79018724,0.79018724,0.66722322,0.39869559,0.6875748,2.8439176,1.2226329E-40,false,0.37232167,7.4464331,69.354309,0.15851709,3.1703417,5.0,0.63067597,1.377996,0.0099999998," 'Galaxy' ",1,202,0,0,0,0,0,0
10066599,1,178.263177545134,-2.16374222,9.9999997E-5,0.0099999998,9.9999997E-5,9.9999997E-5,0.0099999998,0.0099999998,0.52644801,0.52644801,2.073096,5.8416958,8.8686142,10.288661,0.24495701,0.24495701,0.10442623,0.17647566,0.26650301,0.86246711,4.1119218,4.1119218,1.8348711,6.9185028,9.5077572,9.820056,1.9847131,1.9847131,0.58518118,0.81278735,1.2695601,5.544188,1.2226329E-40,false,2.3047991,7.9062519,155.31723,0.5869624,2.0134826,5.0,0.72053403,3.4251621,0.99000001," 'Star'   ",1,3379,0,0,0,0,0,0
9935043,1,178.19360888778,-2.18674675,9.9999997E-5,0.0099999998,9.9999997E-5,9.9999997E-5,0.0099999998,0.0099999998,0.26942301,0.26942301,0.34169,0.74060601,0.76413101,1.165933,0.23310985,0.23310985,0.093137763,0.12686509,0.19108485,0.79326791,1.146053,1.146053,0.47554901,0.89538801,0.80247301,4.9576068,0.62056774,0.62056774,0.26513347,0.41722089,0.57905072,2.5520918,1.2226329E-40,false,0.47629607,6.4794254,49.656479,0.087576769,1.1913748,5.0,0.75994498,1.12544,0.0099999998," 'Galaxy' ",1,1071,0,0,0,0,0,0
9938691,1,178.191997288662,-2.1894466,9.9999997E-5,0.0099999998,9.9999997E-5,9.9999997E-5,0.0099999998,0.0099999998,0.65686297,0.65686297,1.887846,2.6685331,3.354706,3.5540841,0.23828597,0.23828597,0.10376444,0.14124237,0.20817719,0.80789703,1.71663,1.71663,4.136755,6.665915,7.5220752,3.496304,0.88768125,0.88768125,0.38775876,0.59461933,0.83226681,3.55265,1.2226329E-40,false,2.0409913,3.120209,153.3567,0.16117387,0.246398,5.0,1.273415,2.4485891,0.0099999998," 'Galaxy' ",1,1135,0,0,0,0,0,0
9941085,1,178.191312499747,-2.2117483,9.9999997E-5,0.0099999998,9.9999997E-5,9.9999997E-5,0.0099999998,0.0099999998,0.74291599,0.74291599,0.81882298,2.0437219,2.7823451,1.335482,0.24264412,0.24264412,0.096732795,0.13594154,0.20412897,0.79563588,1.156459,1.156459,0.69563597,3.0246069,3.2787049,3.3425009,0.58871228,0.58871228,0.25862944,0.39846823,0.57004595,2.3568916,1.2226329E-40,false,1.0333548,2.7035036,12.758835,0.14818427,0.38768554,5.0,0.823605,1.685297,0.0099999998," 'Galaxy' ",1,1177,0,0,0,0,0,0
10118754,1,178.23268313089,-2.18321339,9.9999997E-5,0.0099999998,9.9999997E-5,9.9999997E-5,0.0099999998,0.0099999998,0.068742,0.068742,0.037004001,0.178312,1.414963,-0.3229,0.23420364,0.23420364,0.0912202,0.12479571,0.31255075,0.78618759,0.073454,0.073454,0.050980002,0.239011,0.76845801,-0.054037001,0.24454196,0.24454196,0.11699866,0.1816452,0.22975762,0.99983406,1.2226329E-40,false,0.9392944,9.3934135,57.517563,-316.21985,-3162.3567,5.0,0.71465701,1.3324111,0.99000001," 'Star'   ",1,4294,0,0,0,0,0,0
9952599,1,178.243116580161,-2.1948234,9.9999997E-5,0.0099999998,9.9999997E-5,9.9999997E-5,0.0099999998,0.0099999998,0.44089299,0.44089299,0.199334,1.552428,1.943928,0.99067098,0.23945956,0.23945956,0.09239205,0.1334537,0.19749659,0.79344517,0.118358,0.118358,-0.472083,1.8183089,2.2877409,0.82663298,0.53379762,0.53379762,1.9438999,0.35621029,0.49633017,2.1304777,1.2226329E-40,false,1.0574564,2.1682205,-0.82324702,0.17656223,0.36202523,5.0,0.68544,1.357111,0.0099999998," 'Galaxy' ",1,1379,0,0,0,0,0,0
9954195,1,178.248312935341,-2.16163078,9.9999997E-5,0.0099999998,9.9999997E-5,9.9999997E-5,0.0099999998,0.0099999998,-0.045107,-0.045107,0.365365,0.81121302,1.56227,2.09097,0.23593631,0.23593631,0.09249223,0.12876913,0.19459344,0.80080992,0.231512,0.231512,0.68870097,1.143414,2.2932739,6.4281402,0.58118457,0.58118457,0.27035424,0.39305311,0.57009226,2.4142337,1.2226329E-40,false,0.7491557,3.7456663,97.836884,0.16311288,0.8155399,5.0,0.83500397,1.627171,0.0099999998," 'Galaxy' ",1,1407,0,0,0,0,0,0
10004070,1,178.176125730942,-2.16582028,9.9999997E-5,0.0099999998,9.9999997E-5,9.9999997E-5,0.0099999998,0.0099999998,-0.086940996,-0.086940996,0.65720701,1.461591,3.442785,3.3949471,0.22724181,0.22724181,0.094447494,0.13113405,0.20846137,0.80535817,-0.045582,-0.045582,0.264422,3.7036531,7.9258618,11.55137,1.0144221,1.0144221,0.45933962,0.53897923,0.97013563,4.2091179,1.2226329E-40,false,2.5925126,3.3261476,177.86768,0.49045631,0.62924671,5.0,1.283417,2.720593,0.0099999998," 'Galaxy' ",1,2282,0,0,0,0,0,0
10220841,1,178.2578600453,-2.2079145,9.9999997E-5,0.0099999998,9.9999997E-5,9.9999997E-5,0.0099999998,0.0099999998,0.361873,0.361873,0.24955299,0.528207,0.88801998,0.14104,0.24012502,0.24012502,0.10519594,0.13589209,0.19480909,0.78920281,0.342749,0.342749,0.168376,0.337428,0.72921199,0.026675999,0.3227618,0.3227618,0.13784721,0.21798705,0.31464094,1.2180593,1.2226329E-40,false,0.2663182,2.7915952,162.86679,0.12380701,1.2977675,5.0,0.38602999,0.76934499,0.99000001," 'Star'   ",1,6085,0,0,0,0,0,0
10220898,1,178.259471376399,-2.2069399,9.9999997E-5,0.0099999998,9.9999997E-5,9.9999997E-5,0.0099999998,0.0099999998,1.084797,1.084797,1.148393,1.627268,1.804649,3.5050001,0.24993944,0.24993944,0.09844093,0.13719781,0.20237835,0.8086881,0.88027102,0.88027102,0.74646002,1.4274189,1.773281,2.8054199,0.45226792,0.45226792,0.18170202,0.26024991,0.35730153,1.49283,1.2226329E-40,false,0.81290567,1.3491201,134.97916,0.12801868,0.21246326,5.0,0.53947198,1.3195471,0.99000001," 'Star'   ",1,6086,0,0,0,0,0,0
10221012,1,178.256852829354,-2.1909858,9.9999997E-5,0.0099999998,9.9999997E-5,9.9999997E-5,0.0099999998,0.0099999998,-0.001153209,-0.001153209,0.82083499,0.70109701,0.44838399,0.72358698,0.23400372,0.23400372,0.095968828,0.12831627,0.18925211,0.79196948,0.167813,0.167813,0.615071,0.451671,0.49927399,1.00694,0.38135958,0.38135958,0.51571083,0.26449943,0.24905755,1.2939112,1.2226329E-40,false,0.48045051,1.206277,156.47981,0.4481146,1.1250906,5.0,0.401048,0.66493303,0.99000001," 'Star'   ",1,6088,0,0,0,0,0,0
11955579,1,178.369041355085,-2.04055897,9.9999997E-5,0.0099999998,9.9999997E-5,9.9999997E-5,0.0099999998,0.0099999998,0.69140702,0.69140702,1.864066,2.1495409,2.3652551,1.447495,0.42165905,0.42165905,0.21949466,0.26930687,0.45468161,2.1751521,0.29118401,0.29118401,1.86129,3.820677,5.4847422,3.1127479,1.4668087,1.4668087,0.75324827,1.1287192,1.7263846,9.1832047,1.2226329E-40,false,0.66416496,13.283299,59.739693,-223.6068,-4472.1357,5.0,1.765816,4.785161,0.0099999998," 'Galaxy' ",1,36519,0,0,0,0,0,0
10016097,1,178.192923830846,-2.17798535,9.9999997E-5,0.0099999998,9.9999997E-5,9.9999997E-5,0.0099999998,0.0099999998,0.219799,0.219799,0.51824898,1.9700021,3.4625461,5.574677,0.23382251,0.23382251,0.09413407,0.13593394,0.2103212,0.82506114,-2.227134,-2.227134,0.57408798,2.699965,4.2445998,0.95956898,0.62754935,0.62754935,0.28387722,0.52773482,0.79107088,3.7730207,1.2226329E-40,false,0.41397825,8.2795649,167.37276,0.086179852,1.723597,5.0,0.81071401,1.87369,0.0099999998," 'Galaxy' ",1,2493,0,0,0,0,0,0
10016154,1,178.19739519424,-2.17909542,9.9999997E-5,0.0099999998,9.9999997E-5,9.9999997E-5,0.0099999998,0.0099999998,0.51126599,0.51126599,1.161093,3.011775,4.5967822,5.898582,0.23754673,0.23754673,0.09829361,0.14506322,0.22154625,0.83610636,-0.21627,-0.21627,1.5543081,3.615773,5.9098978,3.2847159,0.54225576,0.54225576,0.24187271,0.39238104,0.52928483,2.262044,1.2226329E-40,false,1.2743078,1.9588854,26.434601,0.14188227,0.21810357,5.0,0.72262001,1.404678,0.0099999998," 'Galaxy' ",1,2494,0,0,0,0,0,0
10064889,1,178.255281969146,-2.2112648,9.9999997E-5,0.0099999998,9.9999997E-5,9.9999997E-5,0.0099999998,0.0099999998,0.38607299,0.38607299,0.96892703,4.8635421,9.1932192,12.80879,0.24025589,0.24025589,0.097400934,0.1649719,0.27137613,0.88542533,-0.63059902,-0.63059902,1.32198,6.6260738,11.868094,19.937477,0.71995884,0.71995884,0.27922696,0.4024016,0.57945704,2.5330017,1.2226329E-40,false,1.3732047,2.0200367,103.51041,0.18722385,0.27541345,5.0,0.80418998,2.0530651,0.0099999998," 'Galaxy' ",1,3349,0,0,0,0,0,0
10064946,1,178.250971417239,-2.16607777,9.9999997E-5,0.0099999998,9.9999997E-5,9.9999997E-5,0.0099999998,0.0099999998,-0.118333,-0.118333,0.63313401,1.155347,1.55732,1.838945,0.23536773,0.23536773,0.10472737,0.16025607,0.21467189,0.86017317,-0.076232001,-0.076232001,0.659015,1.609303,1.959618,2.196981,0.58411324,0.58411324,0.28770083,0.495664,0.61361474,2.5644481,1.2226329E-40,false,1.220376,2.3292952,108.46386,0.20099074,0.38362503,5.0,0.81158102,1.423712,0.0099999998," 'Galaxy' ",1,3350,0,0,0,0,0,0
10065003,1,178.250931214367,-2.16485516,9.9999997E-5,0.0099999998,9.9999997E-5,9.9999997E-5,0.0099999998,0.0099999998,0.50649202,0.50649202,1.332175,2.397594,3.106684,4.5016532,0.2436156,0.2436156,0.10006478,0.1449659,0.21213329,0.82498842,1.241666,1.241666,3.408757,6.1930599,6.990428,9.6911411,1.2740808,1.2740808,0.56066471,0.56207156,1.2491932,5.2484221,1.2226329E-40,false,4.643692,11.665927,168.3259,-630.91681,-1584.9951,5.0,1.362571,3.525362,0.0099999998," 'Galaxy' ",1,3351,0,0,0,0,0,0
12009102,1,178.381569373973,-1.98741642,9.9999997E-5,0.0099999998,9.9999997E-5,9.9999997E-5,0.0099999998,0.0099999998,1.111666,1.111666,0.78510898,0.98959899,1.321703,2.2852161,0.36919734,0.36919734,0.14592087,0.22414607,0.51655054,1.5072262,0.82726198,0.82726198,0.51681203,1.319163,3.2961409,6.2278399,0.7722947,0.7722947,0.4028306,0.63260257,1.063719,4.6716733,1.2226329E-40,false,0.40420753,8.0841503,84.582367,0.38220128,7.6440253,5.0,0.98728698,3.1081181,0.0099999998," 'Galaxy' ",1,37458,0,0,0,0,0,0
10066656,1,178.263097139391,-2.2025463,9.9999997E-5,0.0099999998,9.9999997E-5,9.9999997E-5,0.0099999998,0.0099999998,0.023527,0.023527,0.51090902,0.057771001,0.078539997,0.111759,0.23557949,0.23557949,0.094309464,0.17500384,0.18785645,0.78865772,3.1678569,3.1678569,1.220595,0.83239102,2.232995,-0.0040247142,1.0315255,1.0315255,0.444774,0.69157732,0.96815449,4.1762118,1.2226329E-40,false,0.66419804,13.28396,83.472397,-223.6068,-4472.1357,5.0,4.3472338,5.6235232,0.0099999998," 'Galaxy' ",1,3380,0,0,0,0,0,0
12010926,1,178.388215980746,-2.02571121,9.9999997E-5,0.0099999998,9.9999997E-5,9.9999997E-5,0.0099999998,0.0099999998,0.27566701,0.27566701,0.097995996,0.219625,2.564821,1.665782,0.35407194,0.35407194,0.14407852,0.14921679,0.38762787,1.5047857,-0.79969001,-0.79969001,0.012315,0.259518,0.96564102,-1.136444,0.75673217,0.75673217,0.31452593,0.58705395,0.98911387,3.9020844,1.2226329E-40,false,0.66416496,13.283299,123.42393,-223.6068,-4472.1357,5.0,0.682419,1.3880841,0.0099999998," 'Galaxy' ",1,37490,0,0,0,0,0,0
10376394,1,178.230951191176,-2.1801273,9.9999997E-5,0.0099999998,9.9999997E-5,9.9999997E-5,0.0099999998,0.0099999998,0.29582801,0.29582801,-0.00221669,0.004142751,0.79599702,-0.298399,0.24310778,0.24310778,0.10352461,0.13854957,0.21647657,0.92081422,0.111376,0.111376,-0.027487,-0.025157001,0.728275,-0.36020201,0.41910988,0.41910988,0.20202768,0.30922449,0.44200888,1.9567111,1.2226329E-40,false,1.6647406,5.3000336,162.3681,-560.44623,-1784.2925,5.0,-9999.0,-9999.0,0.99000001," 'Star'   ",1,8814,0,0,0,0,0,0
10378503,1,178.235462757441,-2.16171089,9.9999997E-5,0.0099999998,9.9999997E-5,9.9999997E-5,0.0099999998,0.0099999998,1.9173191,1.9173191,5.84198,8.7695417,9.8746767,12.273938,0.26166841,0.26166841,0.14018707,0.21345358,0.27978453,0.88022918,2.2922299,2.2922299,5.5427151,8.3685732,9.244709,10.459696,0.41741449,0.41741449,0.18872063,0.28888768,0.39849165,1.6491011,1.2226329E-40,false,1.1505705,1.1506475,108.70874,0.052914228,0.052917775,5.0,0.59424502,1.355253,0.99000001," 'Star'   ",1,8851,0,0,0,0,0,0
10108608,1,178.22172597221,-2.1959049,9.9999997E-5,0.0099999998,9.9999997E-5,9.9999997E-5,0.0099999998,0.0099999998,0.37616599,0.37616599,0.26916,0.26550901,1.713959,2.7933781,0.23742403,0.23742403,0.092870504,0.12495041,0.19628817,0.80358362,2.050173,2.050173,0.199246,0.57456797,3.137511,8.4894714,0.79275322,0.79275322,0.34211898,0.53384858,0.74859929,3.2310052,1.2226329E-40,false,0.66419804,13.28396,103.79939,-223.6068,-4472.1357,5.0,0.87256801,1.7575901,0.0099999998," 'Galaxy' ",1,4116,0,0,0,0,0,0
18113004,1,178.194414285311,-2.15424362,9.9999997E-5,0.0099999998,9.9999997E-5,9.9999997E-5,0.0099999998,0.0099999998,0.113601,0.113601,0.197412,1.626734,4.926506,8.4229479,0.34602305,0.34602305,0.17708538,0.25163698,0.39617005,1.418838,-1.867154,-1.867154,-0.077932999,1.822215,4.911931,12.309378,1.1652559,1.1652559,0.47051421,0.79244232,1.1335435,5.3748684,1.2226329E-40,false,0.52562177,10.512435,96.502113,0.27332845,5.4665694,5.0,0.95288301,2.4688771,0.0099999998," 'Galaxy' ",1,144544,0,0,0,0,0,0
18115284,1,178.349503831501,-2.06125847,9.9999997E-5,0.0099999998,9.9999997E-5,9.9999997E-5,0.0099999998,0.0099999998,0.43220201,0.43220201,0.240347,1.210063,1.300753,1.2092431,0.34930757,0.34930757,0.14659467,0.22697189,0.38245735,1.4977479,0.44985199,0.44985199,0.33588001,0.92719799,1.216748,-0.024955001,0.87615466,0.87615466,0.35144898,0.66906697,0.99071008,4.9049082,1.2226329E-40,false,0.44714361,8.942872,123.94682,0.065540493,1.3108099,5.0,0.72046697,1.152774,0.0099999998," 'Galaxy' ",1,144584,0,0,0,0,0,0
18145665,1,178.346643799206,-1.99926487,9.9999997E-5,0.0099999998,9.9999997E-5,9.9999997E-5,0.0099999998,0.0099999998,0.100681,0.100681,0.118888,1.3555501,3.9115829,9.8803473,0.3595891,0.3595891,0.14440352,0.22572096,0.39161676,1.5328213,5.2659812,5.2659812,-1.103994,3.3722939,3.6997049,-11.415083,2.3491726,2.3491726,0.97746897,1.1850878,2.7746003,12.033724,0.0017137444,false,2.5283928,50.567852,154.0916,-223.6068,-4472.1357,5.0,4.0773301,7.0124249,0.0099999998," 'Galaxy' ",1,145117,0,0,0,0,0,0
10220784,1,178.260196636205,-2.2043926,9.9999997E-5,0.0099999998,9.9999997E-5,9.9999997E-5,0.0099999998,0.0099999998,0.56383699,0.56383699,0.81091303,0.87576598,0.52218598,-2.172267,0.24284196,0.24284196,0.096213929,0.12937339,0.18971294,0.77802026,1.350637,1.350637,1.602361,1.284554,2.0747671,-3.721956,0.98816061,0.98816061,0.35072204,0.54521841,0.75227445,3.4345002,1.2226329E-40,false,0.52135038,10.427008,172.09785,0.12285092,2.4570184,5.0,0.90625399,1.5956171,0.0099999998," 'Galaxy' ",1,6084,0,0,0,0,0,0
10665669,1,178.206499268552,-2.16333119,9.9999997E-5,0.0099999998,9.9999997E-5,9.9999997E-5,0.0099999998,0.0099999998,-0.31231201,-0.31231201,0.23815399,0.46544799,1.5277849,2.9137371,0.22795495,0.22795495,0.09185908,0.12568142,0.19463724,0.80371469,0.31922099,0.31922099,-0.022600999,1.750349,1.743487,-3.549783,3.8502283,3.8502283,0.32632288,0.7332468,0.70638752,4.8867192,1.2226329E-40,false,1.3397156,6.5858612,117.50106,-451.02438,-2217.175,5.0,1.875223,3.650362,0.99000001," 'Star'   ",1,13889,0,0,0,0,0,0
10668120,1,178.204404430916,-2.190673,9.9999997E-5,0.0099999998,9.9999997E-5,9.9999997E-5,0.0099999998,0.0099999998,0.058956001,0.058956001,0.99816698,3.807018,6.7166991,9.609623,0.2312818,0.2312818,0.097299077,0.15242146,0.24142817,0.85460097,-1.2659791,-1.2659791,1.089787,3.5708239,7.2456789,7.6461711,0.4031609,0.4031609,0.18640648,0.28588086,0.45434207,1.8652368,1.5586414E-15,false,0.52707607,2.7218816,107.18194,0.057482414,0.29684582,5.0,0.57772899,1.270177,0.99000001," 'Star'   ",1,13932,0,0,0,0,0,0
10266840,1,178.242471994117,-2.17058865,9.9999997E-5,0.0099999998,9.9999997E-5,9.9999997E-5,0.0099999998,0.0099999998,0.267427,0.267427,0.53712201,1.230397,1.5699,0.45163199,0.26746753,0.26746753,0.093734376,0.13109562,0.19439626,0.83035314,0.260028,0.260028,0.64931798,2.387491,2.7729771,-0.90365899,0.87359405,0.87359405,0.42635027,1.0894688,1.917832,3.7916071,1.2226329E-40,false,1.7555833,3.3834808,85.351303,0.92481738,1.7823718,5.0,1.161696,4.2594881,0.0099999998," 'Galaxy' ",1,6892,0,0,0,0,0,0
10266897,1,178.241505249062,-2.2090503,9.9999997E-5,0.0099999998,9.9999997E-5,9.9999997E-5,0.0099999998,0.0099999998,-0.021373,-0.021373,1.324527,4.9522791,8.1304178,10.333774,0.23455821,0.23455821,0.099838726,0.16564071,0.25805941,0.86198246,1.323837,1.323837,2.5190561,12.305065,22.302822,24.084112,1.106921,1.106921,0.46442771,1.1057334,1.8160249,4.45122,1.2226329E-40,false,2.6846967,3.5699377,178.99628,0.42275375,0.56215084,5.0,1.5080481,4.8356051,0.0099999998," 'Galaxy' ",1,6893,0,0,0,0,0,0
17295168,1,178.321829514699,-2.00251595,9.9999997E-5,0.0099999998,9.9999997E-5,9.9999997E-5,0.0099999998,0.0099999998,0.0081968317,0.0081968317,0.54851502,2.2201841,5.6253119,10.033426,0.3603259,0.3603259,0.14662755,0.23547433,0.4196445,1.5348873,0.164116,0.164116,0.473021,1.74778,5.302671,8.7647429,1.3238485,1.3238485,0.23824045,0.45506155,0.72649157,2.9649451,1.2226329E-40,false,0.75200045,2.5061836,134.63414,0.098106042,0.32695693,5.0,0.652013,1.055342,0.99000001," 'Star'   ",1,130196,0,0,0,0,0,0
10376451,1,178.233649875945,-2.17697159,9.9999997E-5,0.0099999998,9.9999997E-5,9.9999997E-5,0.0099999998,0.0099999998,0.051692002,0.051692002,0.28735101,0.40786701,1.058235,2.029861,0.24449827,0.24449827,0.094837897,0.13918805,0.21098265,0.87383217,-0.037409,-0.037409,0.26273599,0.29293901,1.031153,1.79893,0.47954643,0.47954643,0.20510224,0.40984148,0.48142728,2.0616891,1.2226329E-40,false,0.79115462,1.726153,27.496445,0.66502547,1.4509625,5.0,0.48145899,0.69793802,0.0099999998," 'Galaxy' ",1,8815,0,0,0,0,0,0
10376508,1,178.232924884159,-2.17843262,9.9999997E-5,0.0099999998,9.9999997E-5,9.9999997E-5,0.0099999998,0.0099999998,0.62526101,0.62526101,1.859417,7.1370859,13.113499,16.755445,0.24468029,0.24468029,0.10333856,0.19268611,0.32414523,0.93259197,3.31058,3.31058,4.4074631,15.792648,29.658617,49.957073,1.1171016,1.1171016,0.47456321,0.58742696,1.1922255,4.582963,1.2226329E-40,false,2.5001147,3.892241,145.46263,0.26154342,0.4071773,5.0,1.3168319,3.0781231,0.0099999998," 'Galaxy' ",1,8816,0,0,0,0,0,0
10377249,1,178.228493723637,-2.2229082,9.9999997E-5,0.0099999998,9.9999997E-5,9.9999997E-5,0.0099999998,0.0099999998,0.705791,0.705791,0.54967803,0.40028501,0.464295,0.40062499,0.24453846,0.24453846,0.095088258,0.12609199,0.190083,0.79097986,0.48766401,0.48766401,1.247023,0.72979701,1.930341,1.13176,0.79277766,0.79277766,0.34386241,0.53417957,0.74768889,3.2258735,1.2226329E-40,false,1.1552426,7.6375132,60.579453,-388.92032,-2571.2209,5.0,0.93910003,1.996562,0.0099999998," 'Galaxy' ",1,8829,0,0,0,0,0,0
10402671,1,178.265191709008,-2.17632023,9.9999997E-5,0.0099999998,9.9999997E-5,9.9999997E-5,0.0099999998,0.0099999998,0.35490599,0.35490599,0.545762,0.88997501,0.986444,0.76030302,0.35495988,0.35495988,0.093897432,0.12951691,0.1911106,0.7923637,0.50605702,0.50605702,1.123456,1.107314,2.139828,7.8291559,0.67696196,0.67696196,0.32868484,0.36856085,0.58478272,3.9368248,1.2226329E-40,false,0.35201904,7.040381,138.55455,0.13252929,2.6505857,5.0,0.769265,2.305192,0.0099999998," 'Galaxy' ",1,9275,0,0,0,0,0,0
10402842,1,178.265675215545,-2.1900064,9.9999997E-5,0.0099999998,9.9999997E-5,9.9999997E-5,0.0099999998,0.0099999998,0.677158,0.677158,1.240333,1.459511,2.144577,1.700735,0.24358934,0.24358934,0.098773479,0.1334554,0.19860482,0.79762244,4.1950169,4.1950169,6.0480862,7.922545,10.932143,13.922892,1.9414731,1.9414731,0.84736758,0.86191779,1.8442841,7.9575877,1.2226329E-40,false,8.6585522,14.767849,161.87491,-765.70947,-1305.9784,5.0,2.272804,5.8961072,0.0099999998," 'Galaxy' ",1,9278,0,0,0,0,0,0
12411693,1,178.339553888767,-1.99450127,9.9999997E-5,0.0099999998,9.9999997E-5,9.9999997E-5,0.0099999998,0.0099999998,0.43197799,0.43197799,2.2002151,2.832577,4.223834,4.7310591,0.36414301,0.36414301,0.15714055,0.23289336,0.39284882,1.5101571,0.731516,0.731516,4.0566592,6.9590869,8.1848145,5.0879569,1.5255747,1.5255747,0.63955718,0.74214268,1.8089395,7.8364515,1.2226329E-40,false,6.7853646,7.9829979,163.66292,-921.94196,-1084.667,5.0,1.6936131,3.857466,0.0099999998," 'Galaxy' ",1,44521,0,0,0,0,0,0
10468506,1,178.226197603623,-2.1993114,9.9999997E-5,0.0099999998,9.9999997E-5,9.9999997E-5,0.0099999998,0.0099999998,-0.093717001,-0.093717001,0.47008201,0.82472301,1.421795,1.725919,0.23205428,0.23205428,0.094116658,0.12813154,0.19454224,0.797252,-2.1963451,-2.1963451,1.249849,2.444622,3.316735,9.1361828,1.0135329,1.0135329,0.44435301,0.69277203,0.96857262,4.1821971,1.2226329E-40,false,0.66419804,13.28396,26.399256,-223.6068,-4472.1357,5.0,2.257334,4.2684851,0.0099999998," 'Galaxy' ",1,10430,0,0,0,0,0,0
10468620,1,178.218664657537,-2.2216646,9.9999997E-5,0.0099999998,9.9999997E-5,9.9999997E-5,0.0099999998,0.0099999998,0.88990802,0.88990802,0.39918199,1.15927,1.991124,1.010775,0.24660304,0.24660304,0.094211601,0.1301991,0.19847885,0.79416621,1.77123,1.77123,0.50598001,2.262207,2.078052,-0.041533001,1.0294709,1.0294709,0.44380727,0.69279927,0.96784472,4.1769404,1.2226329E-40,false,1.2068133,7.3111396,28.994841,-406.28192,-2461.345,5.0,1.522526,2.91835,0.0099999998," 'Galaxy' ",1,10432,0,0,0,0,0,0
11174736,1,178.41129805752,-2.04053703,9.9999997E-5,0.0099999998,9.9999997E-5,9.9999997E-5,0.0099999998,0.0099999998,3.272202,3.272202,7.182199,9.4170275,10.961786,9.3374729,0.38251656,0.38251656,0.21708867,0.29257974,0.43291119,1.5376465,1.780187,1.780187,6.768291,9.6100311,9.5315828,11.672759,0.69282454,0.69282454,0.33539721,0.54648417,0.82966071,3.5922451,1.2226329E-40,false,0.63632554,4.2972903,97.725388,0.075016476,0.50660795,5.0,0.80478197,2.0077441,0.99000001," 'Star'   ",1,22820,0,0,0,0,0,0
11175819,1,178.411177448905,-2.02642647,9.9999997E-5,0.0099999998,9.9999997E-5,9.9999997E-5,0.0099999998,0.0099999998,0.90940499,0.90940499,4.48246,16.097116,34.191891,54.561691,0.35923898,0.35923898,0.18026946,0.4276906,0.6796093,1.9353224,0.83275801,0.83275801,4.3284278,15.478817,34.035572,51.816517,0.72624379,0.72624379,0.28526759,0.52890801,0.83192343,3.4542778,1.2226329E-40,false,1.3880389,1.8156236,94.632286,0.082723618,0.10820659,5.0,0.75993699,1.789263,0.99000001," 'Star'   ",1,22839,0,0,0,0,0,0
18547401,1,178.215643277717,-2.204488,9.9999997E-5,0.0099999998,9.9999997E-5,9.9999997E-5,0.0099999998,0.0099999998,0.96249503,0.96249503,0.41748399,0.68266499,1.261284,0.77761298,0.24642648,0.24642648,0.093994677,0.12704538,0.19382611,0.7920112,1.682156,1.682156,0.489283,1.116219,1.0814379,9.349762,0.79505825,0.79505825,0.34265015,0.53430438,0.74672544,3.2317982,1.2226329E-40,false,0.66419804,13.28396,124.35726,-223.6068,-4472.1357,5.0,1.013011,1.877521,0.0099999998," 'Galaxy' ",1,152165,0,0,0,0,0,0
18547515,1,178.213669584735,-2.2022182,9.9999997E-5,0.0099999998,9.9999997E-5,9.9999997E-5,0.0099999998,0.0099999998,-0.059620999,-0.059620999,-0.058159001,0.66248399,1.238233,1.401762,0.23221092,0.23221092,0.091611028,0.21837401,0.19359989,0.79545838,0.117454,0.117454,-13.18862,0.367502,1.3633291,14.793729,1.0213705,1.0213705,0.42938668,0.53338242,0.96689552,4.1870704,1.2226329E-40,false,0.66419804,13.28396,75.408234,-223.6068,-4472.1357,5.0,0.380898,0.56706202,0.0099999998," 'Galaxy' ",1,152167,0,0,0,0,0,0
18547572,1,178.21274331057,-2.1944553,9.9999997E-5,0.0099999998,9.9999997E-5,9.9999997E-5,0.0099999998,0.0099999998,-0.049015999,-0.049015999,0.13294099,0.68823498,0.65913898,-0.0085307732,0.23093748,0.23093748,0.09212137,0.12702709,0.19060498,0.78742307,-0.34733099,-0.34733099,0.084315002,0.73050702,0.18688001,1.328853,0.52896547,0.52896547,0.20757075,0.34239796,0.45756736,3.3475535,1.2226329E-40,false,0.31039038,6.2078075,126.49326,0.081625648,1.6325129,5.0,0.72727698,1.381973,0.0099999998," 'Galaxy' ",1,152168,0,0,0,0,0,0
18549054,1,178.215280915833,-2.2104446,9.9999997E-5,0.0099999998,9.9999997E-5,9.9999997E-5,0.0099999998,0.0099999998,0.82239598,0.82239598,0.96615499,0.86080903,1.520502,1.385462,0.24482922,0.24482922,0.097553782,0.12814419,0.19538417,0.79589057,1.253967,1.253967,1.032874,2.016504,2.2026911,3.0266559,0.79397368,0.79397368,0.3433778,0.53531498,0.74757522,3.2260079,1.2226329E-40,false,1.0251855,20.50371,128.91106,-223.6068,-4472.1357,5.0,1.568845,3.4297991,0.0099999998," 'Galaxy' ",1,152194,0,0,0,0,0,0
18549168,1,178.213629113844,-2.17524067,9.9999997E-5,0.0099999998,9.9999997E-5,9.9999997E-5,0.0099999998,0.0099999998,0.63112402,0.63112402,0.84584701,3.4104769,5.853898,6.6122961,0.21647918,0.21647918,0.095828287,0.14853935,0.23124881,0.82943523,2.8007059,2.8007059,1.581736,6.3313999,8.4478025,7.7045231,1.8325102,1.8325102,0.4008027,0.89301342,0.88987482,3.8617523,1.2226329E-40,false,2.2444508,2.8912494,105.2293,0.59907639,0.7717163,5.0,1.1669,3.8315949,0.0099999998," 'Galaxy' ",1,152196,0,0,0,0,0,0
18549282,1,178.211856971258,-2.2275764,9.9999997E-5,0.0099999998,9.9999997E-5,9.9999997E-5,0.0099999998,0.0099999998,0.113229,0.113229,0.53829902,0.19618601,0.30108899,0.58846498,0.23629592,0.23629592,0.095181338,0.12454308,0.18974963,0.79148507,0.92867303,0.92867303,0.34896901,0.70767301,0.71193397,7.0811939,0.53843838,0.53843838,0.23896529,0.433593,0.52583534,15.465752,1.2226329E-40,false,0.398184,7.9636798,136.46944,0.0043824697,0.08764939,5.0,1.574581,1.895049,0.0099999998," 'Galaxy' ",1,152198,0,0,0,0,0,0
18549396,1,178.208472961535,-2.1971246,9.9999997E-5,0.0099999998,9.9999997E-5,9.9999997E-5,0.0099999998,0.0099999998,0.598472,0.598472,0.85863,1.228678,1.499851,3.009768,0.23981607,0.23981607,0.096519344,0.13027091,0.19508137,0.80484653,5.9183841,5.9183841,2.291775,3.3142669,1.114309,6.1430669,1.2746509,1.2746509,0.55053174,0.53663146,1.1976168,5.1748219,1.2226329E-40,false,2.9355505,18.454109,5.1627059,-398.83957,-2507.2739,5.0,1.420068,4.1164818,0.0099999998," 'Galaxy' ",1,152200,0,0,0,0,0,0
18606738,1,178.357278798874,-2.05218807,9.9999997E-5,0.0099999998,9.9999997E-5,9.9999997E-5,0.0099999998,0.0099999998,-0.079449996,-0.079449996,0.29202399,0.50807297,2.183161,-1.4833651,0.34521085,0.34521085,0.14649156,0.22417971,0.38524562,1.4927102,-0.131409,-0.131409,0.53413302,1.114453,1.4798141,-7.0219092,0.58923918,0.58923918,0.24927738,0.46025679,0.71857721,3.0637536,1.2226329E-40,false,0.66416496,13.283299,146.72568,-223.6068,-4472.1357,5.0,1.4262331,2.454951,0.0099999998," 'Galaxy' ",1,153206,0,0,0,0,0,0
18651141,1,178.353653035883,-2.01690689,9.9999997E-5,0.0099999998,9.9999997E-5,9.9999997E-5,0.0099999998,0.0099999998,0.27688101,0.27688101,0.86058801,1.201048,0.93332201,1.260573,0.35739297,0.35739297,0.148386,0.22580189,0.38260359,1.500563,0.0085905306,0.0085905306,0.73158503,0.85201299,1.5701801,0.141304,0.46265876,0.46265876,0.22026968,0.36361337,0.54913133,2.3331966,1.2226329E-40,false,0.24472333,4.8944669,62.852669,0.036369871,0.72739738,5.0,0.60820901,0.88029802,0.0099999998," 'Galaxy' ",1,153985,0,0,0,0,0,0
18651198,1,178.353774180536,-1.9972345,9.9999997E-5,0.0099999998,9.9999997E-5,9.9999997E-5,0.0099999998,0.0099999998,-0.017162999,-0.017162999,1.376695,5.7167921,10.497084,16.549793,0.35834166,0.35834166,0.15069905,0.2539742,0.42919916,1.5701605,2.820888,2.820888,2.3553619,9.9320612,14.977329,19.809835,1.7082117,1.7082117,0.49247384,0.90810639,1.4035105,5.8248916,1.2226329E-40,false,1.9131687,3.8269343,14.763591,0.26053861,0.52115852,5.0,1.2861511,2.790482,0.0099999998," 'Galaxy' ",1,153986,0,0,0,0,0,0
11650743,1,178.400945282012,-1.99683777,9.9999997E-5,0.0099999998,9.9999997E-5,9.9999997E-5,0.0099999998,0.0099999998,-0.296819,-0.296819,0.22511201,0.36442,2.1679599,6.0277481,0.35330495,0.35330495,0.14341025,0.22254436,0.38715872,1.523295,-0.199315,-0.199315,0.56149799,0.035712,1.91833,10.428682,0.68528587,0.68528587,0.35445404,0.52445167,0.84119195,3.8468084,1.2226329E-40,false,0.27832183,5.5664363,-0.81643403,0.24811031,4.9622059,5.0,0.41758499,0.46130699,0.99000001," 'Star'   ",1,31171,0,0,0,0,0,0
11658780,1,178.393049974042,-2.05172554,9.9999997E-5,0.0099999998,9.9999997E-5,9.9999997E-5,0.0099999998,0.0099999998,17.326647,17.326647,162.86984,426.27484,587.50977,722.23035,0.57992172,0.57992172,3.1907384,7.2870502,9.0046253,13.965389,18.039492,18.039492,156.9342,413.60468,561.29144,676.6543,0.72435838,0.72435838,0.48764622,0.88665968,1.3021098,4.0368881,1.2226329E-40,false,1.4917113,1.625234,137.08125,0.010638095,0.011590309,5.0,0.76891702,1.76692,0.99000001," 'Star'   ",1,31312,0,0,0,0,0,0
11659293,1,178.390028862242,-2.04892841,9.9999997E-5,0.0099999998,9.9999997E-5,9.9999997E-5,0.0099999998,0.0099999998,-0.160973,-0.160973,3.8369401,12.924673,23.090754,32.70203,0.34476519,0.34476519,0.17620233,0.33761162,0.55053216,1.7109247,-0.076977998,-0.076977998,3.162405,11.621499,20.693731,25.541147,0.59696376,0.59696376,0.26071987,0.48697776,0.7382881,3.138345,1.2226329E-40,false,0.69716948,2.9918869,134.9821,0.036482155,0.15656234,5.0,0.71651798,1.520201,0.99000001," 'Star'   ",1,31321,0,0,0,0,0,0
18142701,1,178.342534797696,-2.027239,9.9999997E-5,0.0099999998,9.9999997E-5,9.9999997E-5,0.0099999998,0.0099999998,1.417702,1.417702,5.0495672,16.643728,28.268648,36.617504,0.36753803,0.36753803,0.18898387,0.37217879,0.60579419,1.7293431,1.0773081,1.0773081,4.898097,15.230659,26.286011,32.724113,0.61824763,0.61824763,0.25648531,0.4777748,0.73581004,3.0706356,1.2820236E-14,false,0.84183943,2.40518,104.00852,0.026079673,0.074511014,5.0,0.73045599,1.461763,0.99000001," 'Star'   ",1,145065,0,0,0,0,0,0
18142986,1,178.343219854631,-2.03475968,9.9999997E-5,0.0099999998,9.9999997E-5,9.9999997E-5,0.0099999998,0.0099999998,0.67366999,0.67366999,1.1937129,2.8947339,4.8809252,3.6160131,0.35786608,0.35786608,0.15127872,0.23491026,0.39512739,1.5045336,0.73794103,0.73794103,1.331709,2.0999019,4.527667,0.049819998,0.54274595,0.54274595,0.23152423,0.42440075,0.64178139,2.7728293,1.1119782E-12,false,0.29027072,5.8054142,50.914455,0.03769362,0.75387239,5.0,0.60561901,1.056368,0.99000001," 'Star'   ",1,145070,0,0,0,0,0,0
18143385,1,178.348094050799,-1.98229614,9.9999997E-5,0.0099999998,9.9999997E-5,9.9999997E-5,0.0099999998,0.0099999998,0.919478,0.919478,1.532913,2.1182101,2.1803279,1.828216,0.24281488,0.24281488,0.15101185,0.22891259,0.38644972,1.5014151,1.787174,1.787174,1.405475,2.3305571,1.8112839,11.407901,0.71464622,0.71464622,0.31046936,0.57760245,0.86232692,4.0102472,1.5498715E-10,false,0.3833316,7.6666317,166.47003,0.079230152,1.584603,5.0,0.87905699,1.807713,0.99000001," 'Star'   ",1,145077,0,0,0,0,0,0
11692011,1,178.324568938378,-2.00523106,9.9999997E-5,0.0099999998,9.9999997E-5,9.9999997E-5,0.0099999998,0.0099999998,0.66965699,0.66965699,-0.027059,0.127591,2.3118711,1.717744,0.36721498,0.36721498,0.14477094,0.22395244,0.60018051,1.4978,0.32751399,0.32751399,-0.059764002,0.139816,1.227807,1.883173,0.40285623,0.40285623,0.16946283,0.39303616,0.47594729,2.0715792,1.2226329E-40,false,0.66410279,13.282056,139.63507,-223.6068,-4472.1357,5.0,1.210181,1.289969,0.99000001," 'Star'   ",1,31895,0,0,0,0,0,0
18150453,1,178.342494594825,-2.02046791,9.9999997E-5,0.0099999998,9.9999997E-5,9.9999997E-5,0.0099999998,0.0099999998,52.834545,52.834545,115.53344,162.53964,188.45702,197.06956,1.2951554,1.2951554,2.2747374,2.805383,2.9390035,4.2032766,50.080704,50.080704,111.97616,155.18695,176.42268,186.14801,0.84306544,0.84306544,0.43324244,0.64805573,0.90160513,3.4758701,1.2226329E-40,false,1.2385436,1.8959197,138.03717,0.0090984702,0.013927623,5.0,0.75473201,1.7436661,0.99000001," 'Star'   ",1,145201,0,0,0,0,0,0
18160029,1,178.190869464101,-2.15464798,9.9999997E-5,0.0099999998,9.9999997E-5,9.9999997E-5,0.0099999998,0.0099999998,0.084241003,0.084241003,0.98881501,1.4164751,1.202837,2.255935,0.36035383,0.36035383,0.15595777,0.25066781,0.41840383,1.5336522,0.234459,0.234459,0.75101,1.2702889,0.93637401,-0.674447,0.87510633,0.87510633,0.3099739,0.6049909,0.98196584,4.2530479,1.2226329E-40,false,0.39523306,7.9046617,107.55627,0.13038468,2.6076934,5.0,0.73974001,1.420334,0.99000001," 'Star'   ",1,145369,0,0,0,0,0,0
11738865,1,178.235462757441,-2.16170422,9.9999997E-5,0.0099999998,9.9999997E-5,9.9999997E-5,0.0099999998,0.0099999998,1.912696,1.912696,5.695621,8.7350798,9.1559362,9.080142,0.37180063,0.37180063,0.18826164,0.33646095,0.44719097,1.4245838,1.990787,1.990787,5.7276888,7.661716,8.2831306,11.429794,0.63471264,0.63471264,0.29079106,0.48599222,0.7425456,3.2131426,1.2226329E-40,false,0.79675704,2.7716663,135.10416,0.053571261,0.18635751,5.0,0.72717899,1.4429311,0.99000001," 'Star'   ",1,32717,0,0,0,0,0,0
18936711,1,178.212178862251,-2.13204113,9.9999997E-5,0.0099999998,9.9999997E-5,9.9999997E-5,0.0099999998,0.0099999998,0.305841,0.305841,1.4351881,2.118721,3.1048789,2.147953,0.34941503,0.34941503,0.15914276,0.22601275,0.39569846,1.552013,0.50962299,0.50962299,2.198221,3.3094361,6.152359,1.4911079,0.95869786,0.95869786,0.40431508,0.78200185,1.1786399,5.1918812,1.2226329E-40,false,2.1607211,4.7393274,-0.82879502,0.24641098,0.54047805,5.0,1.470688,2.4442019,0.0099999998," 'Galaxy' ",1,158995,0,0,0,0,0,0
18936996,1,178.214072417509,-2.14293018,9.9999997E-5,0.0099999998,9.9999997E-5,9.9999997E-5,0.0099999998,0.0099999998,0.31789801,0.31789801,0.64436698,1.108873,1.110968,-0.517699,0.34849158,0.34849158,0.15388675,0.23650005,0.43325195,1.3935647,0.68423897,0.68423897,0.332445,0.88678002,0.209381,0.74229097,0.94985223,0.94985223,0.39666569,0.73744005,1.1250359,4.9017253,1.2226329E-40,false,0.99405783,8.8733778,97.368958,-334.70435,-2987.7114,5.0,0.69621801,1.097043,0.0099999998," 'Galaxy' ",1,159000,0,0,0,0,0,0
11938023,1,178.3645295208,-2.0385305,9.9999997E-5,0.0099999998,9.9999997E-5,9.9999997E-5,0.0099999998,0.0099999998,144.70454,144.70454,410.36923,596.8996,679.94812,719.27014,3.1722064,3.1722064,8.0007677,10.188727,10.41115,13.909339,140.75404,140.75404,399.32956,578.38715,644.74524,680.37299,1.1371055,1.1371055,0.78902835,1.0192345,1.349642,4.0636306,1.2226329E-40,false,1.4840026,1.6325517,137.41936,0.011197908,0.012318822,5.0,0.76643801,1.762358,0.99000001," 'Star'   ",1,36211,0,0,0,0,0,0
12009387,1,178.383341516558,-2.04619042,9.9999997E-5,0.0099999998,9.9999997E-5,9.9999997E-5,0.0099999998,0.0099999998,0.158344,0.158344,0.57964897,1.7518049,2.8587799,3.760896,0.34779283,0.34779283,0.14696479,0.22894837,0.38790765,1.5114295,-0.063444003,-0.063444003,0.54710603,1.3904409,2.891706,0.67945498,0.5919416,0.5919416,0.24895579,0.47843128,0.7602635,3.0805709,1.2226329E-40,false,0.32001108,6.4002213,41.669487,0.059726719,1.1945343,5.0,0.67146301,1.085433,0.99000001," 'Star'   ",1,37463,0,0,0,0,0,0
19028139,1,178.37383487749,-1.98633019,9.9999997E-5,0.0099999998,9.9999997E-5,9.9999997E-5,0.0099999998,0.0099999998,-0.21147101,-0.21147101,1.605311,1.86622,2.953934,1.036146,0.35671923,0.35671923,0.15119594,0.22781174,0.60338986,1.502703,0.068827003,0.068827003,1.146691,3.259835,2.043833,-0.025629999,1.1884911,1.1884911,0.50913996,1.4491719,1.3519255,9.3872919,1.2226329E-40,false,1.6255591,4.6446934,87.312538,0.64513367,1.8433338,5.0,1.471192,4.7561731,0.0099999998," 'Galaxy' ",1,160599,0,0,0,0,0,0
18604230,1,178.205975559143,-2.16094509,9.9999997E-5,0.0099999998,9.9999997E-5,9.9999997E-5,0.0099999998,0.0099999998,4.6183481,4.6183481,17.40049,31.030573,37.159336,44.529694,0.44528669,0.44528669,0.36988944,0.85326749,1.0261966,1.7658725,6.1246481,6.1246481,16.637051,29.519171,38.533707,46.01926,0.6951347,0.6951347,0.3039313,0.54879957,0.83884323,3.4675224,1.2226329E-40,false,1.0086361,2.5409844,105.12089,0.02903023,0.073133767,5.0,0.782897,1.775355,0.99000001," 'Star'   ",1,153162,0,0,0,0,0,0
18606795,1,178.360017954535,-2.04961792,9.9999997E-5,0.0099999998,9.9999997E-5,9.9999997E-5,0.0099999998,0.0099999998,0.27916101,0.27916101,0.475099,0.69336802,2.3746641,2.170558,0.3490487,0.3490487,0.15462625,0.22469535,0.38592109,1.5031375,0.222712,0.222712,0.32463101,0.85266697,2.2037449,6.0529361,0.68451482,0.68451482,0.31417164,0.56765503,0.86352664,6.6164255,1.2226329E-40,false,0.66416496,13.283299,-0.81910801,-223.6068,-4472.1357,5.0,0.90428102,2.968127,0.99000001," 'Star'   ",1,153207,0,0,0,0,0,0
18650856,1,178.351638872009,-1.99077335,9.9999997E-5,0.0099999998,9.9999997E-5,9.9999997E-5,0.0099999998,0.0099999998,0.44945699,0.44945699,6.4689751,15.534486,21.798391,26.259748,0.36395976,0.36395976,0.19849654,0.36783054,0.53272009,1.6393421,-0.27787101,-0.27787101,6.1684408,14.959248,21.132368,25.850517,0.70897955,0.70897955,0.28339788,0.51847053,0.7974847,3.3495059,1.2226329E-40,false,1.2933973,1.879714,134.44984,0.054045703,0.078545444,5.0,0.76317799,1.638775,0.99000001," 'Star'   ",1,153980,0,0,0,0,0,0
18651483,1,178.355667199756,-1.9860355,9.9999997E-5,0.0099999998,9.9999997E-5,9.9999997E-5,0.0099999998,0.0099999998,0.13778099,0.13778099,1.294031,2.3818619,2.8661921,2.5107069,0.36110118,0.36110118,0.14948851,0.2302807,0.38857538,1.5047466,0.64361602,0.64361602,0.91842902,2.3669341,1.771643,3.3152249,0.88769001,0.88769001,0.36658719,0.74198228,1.0393534,5.1771097,1.2226329E-40,false,0.4721109,9.4422178,81.408882,0.12309041,2.4618082,5.0,0.79821301,1.593191,0.99000001," 'Star'   ",1,153991,0,0,0,0,0,0
12248673,1,178.399737051707,-2.04991928,9.9999997E-5,0.0099999998,9.9999997E-5,9.9999997E-5,0.0099999998,0.0099999998,0.146515,0.146515,0.78192002,0.70520598,1.125231,1.97061,0.3464323,0.3464323,0.14760715,0.22495191,0.38324282,1.5083642,0.021599,0.021599,0.511163,0.97666901,1.462557,2.337584,0.46154317,0.46154317,0.21351966,0.3833043,0.54758328,2.4460187,1.2226329E-40,false,1.0251343,20.502686,172.56331,-223.6068,-4472.1357,5.0,0.91280597,1.952778,0.99000001," 'Star'   ",1,41661,0,0,0,0,0,0
12255057,1,178.364690600306,-2.02771965,9.9999997E-5,0.0099999998,9.9999997E-5,9.9999997E-5,0.0099999998,0.0099999998,24.399719,24.399719,55.732307,73.02076,81.542175,85.701721,0.73602831,0.73602831,1.1172473,1.2927841,1.3399012,2.3506517,23.158493,23.158493,53.844639,69.859131,76.364395,83.231445,0.7382223,0.7382223,0.35868916,0.567756,0.82058841,3.3493366,1.2226329E-40,false,1.1798139,1.9821974,136.00273,0.013984895,0.023495931,5.0,0.75659001,1.730822,0.99000001," 'Star'   ",1,41773,0,0,0,0,0,0
11229285,1,178.413151409907,-2.03064076,9.9999997E-5,0.0099999998,9.9999997E-5,9.9999997E-5,0.0099999998,0.0099999998,0.061760999,0.061760999,0.149755,0.058130998,-0.103368,7.9275169,0.34992078,0.34992078,0.14394103,0.22311305,0.38127768,1.5309072,-0.51089197,-0.51089197,0.37507001,-0.050030999,-4.6767659,13.482242,0.67856425,0.67856425,0.33829761,0.53331155,1.3173653,5.8771696,1.2226329E-40,false,1.0251343,20.502686,179.1221,-223.6068,-4472.1357,5.0,-9999.0,-9999.0,0.0099999998," 'Galaxy' ",1,23777,0,0,0,0,0,0
12411123,1,178.338305187572,-2.05289189,9.9999997E-5,0.0099999998,9.9999997E-5,9.9999997E-5,0.0099999998,0.0099999998,0.044006001,0.044006001,0.90900999,3.351213,5.4949989,8.0533218,0.34697011,0.34697011,0.15010743,0.23780924,0.39798787,1.5217986,-0.247687,-0.247687,0.91729802,2.83376,5.813313,3.1183901,0.68649864,0.68649864,0.26310891,0.4836466,0.76065689,3.5342972,1.2226329E-40,false,1.26144,1.6980492,60.214172,0.16125162,0.21706398,5.0,0.69244802,1.226997,0.99000001," 'Star'   ",1,44511,0,0,0,0,0,0
12411180,1,178.340077598176,-2.06186978,9.9999997E-5,0.0099999998,9.9999997E-5,9.9999997E-5,0.0099999998,0.0099999998,1.7597719,1.7597719,7.16748,14.532599,20.080711,23.668119,0.36335242,0.36335242,0.21858858,0.3558875,0.51376617,1.6149632,1.810138,1.810138,6.9860592,13.190043,17.645422,19.969971,0.62083185,0.62083185,0.28933826,0.48871863,0.74875492,3.176733,1.2226329E-40,false,0.52087563,4.1694732,138.5551,0.030037133,0.2404394,5.0,0.725061,1.623638,0.99000001," 'Star'   ",1,44512,0,0,0,0,0,0
17294883,1,178.32215194173,-2.03858296,9.9999997E-5,0.0099999998,9.9999997E-5,9.9999997E-5,0.0099999998,0.0099999998,0.51239097,0.51239097,2.4192841,13.205224,23.449903,32.365288,0.3619467,0.3619467,0.16165124,0.42643198,0.72377944,1.7085383,2.8766401,2.8766401,3.897445,22.098261,38.896004,61.926929,1.4745671,1.4745671,0.47844487,0.99593836,1.6258208,5.9476414,1.2226329E-40,false,1.987025,3.7334096,103.3709,0.1991643,0.37420863,5.0,1.320911,3.5536461,0.0099999998," 'Galaxy' ",1,130191,0,0,0,0,0,0
17295282,1,178.320862769643,-2.01449982,9.9999997E-5,0.0099999998,9.9999997E-5,9.9999997E-5,0.0099999998,0.0099999998,-0.22646099,-0.22646099,0.186398,0.915497,4.0980768,9.1636372,0.35743815,0.35743815,0.14666304,0.22103973,0.40515921,1.5256884,3.016643,3.016643,0.097687997,-1.051402,5.3085728,7.713758,1.5315067,1.5315067,0.63627744,1.1836293,1.1288444,7.8451281,1.2226329E-40,false,1.0654287,8.2789688,45.699883,-358.73529,-2787.5708,5.0,-9999.0,-9999.0,0.0099999998," 'Galaxy' ",1,130198,0,0,0,0,0,0
18937053,1,178.369927426377,-2.03675476,9.9999997E-5,0.0099999998,9.9999997E-5,9.9999997E-5,0.0099999998,0.0099999998,-0.31858,-0.31858,0.063511997,0.060159001,0.26003399,7.2558389,0.34644258,0.34644258,0.15124674,0.22696036,0.39948553,1.5468427,-0.12781499,-0.12781499,-0.0061987159,-0.082369,0.085786998,2.6939521,0.24897999,0.24897999,0.10922706,0.19799802,0.31136382,1.383805,1.2226329E-40,false,1.0292368,20.420961,60.735756,-224.50166,-4454.3101,5.0,-9999.0,-9999.0,0.99000001," 'Star'   ",1,159001,0,0,0,0,0,0
18937680,1,178.370289788261,-2.07137028,9.9999997E-5,0.0099999998,9.9999997E-5,9.9999997E-5,0.0099999998,0.0099999998,0.62365103,0.62365103,1.695384,5.383018,8.8050566,12.829737,0.3475228,0.3475228,0.15418762,0.25284606,0.4167628,1.5464135,0.44497201,0.44497201,2.0581801,4.8346462,7.3678918,11.427187,0.59835815,0.59835815,0.30033901,0.46674088,0.7118305,3.1922987,1.2226329E-40,false,0.3960987,5.1959634,103.48447,0.051341061,0.67348439,5.0,0.70826101,1.465199,0.99000001," 'Star'   ",1,159012,0,0,0,0,0,0
11425650,1,178.237436718443,-2.14432541,9.9999997E-5,0.0099999998,9.9999997E-5,9.9999997E-5,0.0099999998,0.0099999998,0.160391,0.160391,0.37747699,0.87436599,3.93888,8.3048563,0.34658161,0.34658161,0.15203688,0.23467708,0.3902142,1.4337157,-1.2837451,-1.2837451,0.342195,1.6117769,3.5968189,7.3074389,2.4764009,2.4764009,0.30677509,0.5199253,0.80410928,3.5784416,1.2226329E-40,false,1.3281691,6.6412106,77.265121,-447.20129,-2236.1294,5.0,1.5365241,2.4433291,0.0099999998," 'Galaxy' ",1,27222,0,0,0,0,0,0
11427246,1,178.392606938396,-1.9931337,9.9999997E-5,0.0099999998,9.9999997E-5,9.9999997E-5,0.0099999998,0.0099999998,4.7412572,4.7412572,16.549313,26.934267,46.113503,55.652702,0.41110584,0.41110584,0.37185222,0.5342316,0.83673483,1.9475203,17.629992,17.629992,72.181435,138.86192,196.33989,232.71945,2.366627,2.366627,1.0315535,1.8550067,2.824656,12.080923,1.2226329E-40,false,3.9836142,7.9881096,54.802319,0.16825986,0.33740172,5.0,2.6630261,5.9389572,0.0099999998," 'Galaxy' ",1,27250,0,0,0,0,0,0
11491542,1,178.325213256403,-1.99725548,9.9999997E-5,0.0099999998,9.9999997E-5,9.9999997E-5,0.0099999998,0.0099999998,0.414029,0.414029,0.308431,1.156162,4.2113118,9.2161331,0.36492112,0.36492112,0.20582619,0.23297442,0.43001804,1.536227,13.161333,13.161333,2.4601469,12.492431,-10.096678,36.2556,5.7890577,5.7890577,2.4152546,2.9774303,7.2754698,29.834455,1.2226329E-40,false,16.304726,47.815426,19.84511,-583.94604,-1712.4869,5.0,9.9180412,16.481066,0.0099999998," 'Galaxy' ",1,28378,0,0,0,0,0,0
11643162,1,178.400059210719,-2.05271927,9.9999997E-5,0.0099999998,9.9999997E-5,9.9999997E-5,0.0099999998,0.0099999998,0.27661499,0.27661499,0.36150801,0.488662,1.925141,0.097075999,0.34769177,0.34769177,0.17905101,0.2275878,0.39272234,1.5021926,0.088243,0.088243,0.22560699,0.44594601,2.034636,-0.005630957,0.87236124,0.87236124,0.36962712,0.68816215,1.0568935,4.4937129,1.2226329E-40,false,0.66416496,13.283299,147.61363,-223.6068,-4472.1357,5.0,1.430133,1.959729,0.0099999998," 'Galaxy' ",1,31038,0,0,0,0,0,0
11658495,1,178.239974591726,-2.14238182,9.9999997E-5,0.0099999998,9.9999997E-5,9.9999997E-5,0.0099999998,0.0099999998,0.15950599,0.15950599,0.77987599,1.768841,2.2434499,1.952345,0.34658036,0.34658036,0.15391307,0.24013285,0.37909594,1.4087064,-0.27721801,-0.27721801,0.88647699,1.5944591,2.9363611,5.976171,0.65691936,0.65691936,0.28034943,0.51428908,0.78220761,3.5990322,1.2226329E-40,false,0.49681568,5.0775785,45.31609,0.07794866,0.79665446,5.0,0.783602,1.241483,0.0099999998," 'Galaxy' ",1,31307,0,0,0,0,0,0
11658552,1,178.243720695313,-2.15625111,9.9999997E-5,0.0099999998,9.9999997E-5,9.9999997E-5,0.0099999998,0.0099999998,0.133735,0.133735,0.52592099,2.25932,5.1273441,6.2049441,0.34435862,0.34435862,0.15147112,0.24380343,0.39895183,1.4147427,-1.9844511,-1.9844511,0.30741701,2.819855,8.9891195,8.9473553,1.0368268,1.0368268,0.39812788,0.74798352,1.315506,5.3325181,1.2226329E-40,false,0.52943003,10.5886,27.660461,0.097487874,1.9497573,5.0,1.0303119,1.897085,0.0099999998," 'Galaxy' ",1,31308,0,0,0,0,0,0
11661345,1,178.390431426997,-1.99641148,9.9999997E-5,0.0099999998,9.9999997E-5,9.9999997E-5,0.0099999998,0.0099999998,0.60218602,0.60218602,1.400322,2.8401611,3.98737,6.0864072,0.36250985,0.36250985,0.14994165,0.23331909,0.3932564,1.52213,0.71539003,0.71539003,0.81657797,3.7330589,3.7983871,9.8523798,0.95489949,0.95489949,0.41908383,0.7470504,1.1290336,4.9976268,1.2226329E-40,false,0.96816778,6.0904851,147.51648,0.20120382,1.2657194,5.0,1.049616,2.243448,0.0099999998," 'Galaxy' ",1,31357,0,0,0,0,0,0
11661402,1,178.397319787039,-2.06389538,9.9999997E-5,0.0099999998,9.9999997E-5,9.9999997E-5,0.0099999998,0.0099999998,1.473749,1.473749,1.457477,1.383702,1.326589,2.9100361,0.35798258,0.35798258,0.22716852,0.2278223,0.3833586,1.5095547,4.4381061,4.4381061,3.921319,3.4402781,7.9475002,15.295577,1.5349705,1.5349705,0.63892287,0.73995268,1.8106229,7.8598967,1.2226329E-40,false,5.5067649,9.8365469,120.75674,-748.21588,-1336.5126,5.0,1.669582,4.1401219,0.0099999998," 'Galaxy' ",1,31358,0,0,0,0,0,0
11664594,1,178.391196889675,-2.00017277,9.9999997E-5,0.0099999998,9.9999997E-5,9.9999997E-5,0.0099999998,0.0099999998,0.300358,0.300358,0.19113401,1.755742,6.0924559,10.031241,0.35880437,0.35880437,0.14362761,0.22776613,0.40279859,1.5399512,-0.036795001,-0.036795001,0.045922998,2.2432251,9.2197056,3.384371,0.97420919,0.97420919,0.3623009,0.67662436,1.059041,4.3266535,1.2226329E-40,false,0.4541465,9.0829296,96.034279,0.11843491,2.3686981,5.0,0.96972299,2.956336,0.0099999998," 'Galaxy' ",1,31414,0,0,0,0,0,0
11738979,1,178.234093179611,-2.13561169,9.9999997E-5,0.0099999998,9.9999997E-5,9.9999997E-5,0.0099999998,0.0099999998,-0.095468998,-0.095468998,0.219456,1.531616,3.800941,8.4677849,0.34977627,0.34977627,0.1522519,0.23893222,0.39018983,1.4388653,0.40365401,0.40365401,-0.41414899,1.998919,5.5537262,10.760146,0.97438633,0.97438633,0.9462288,0.75414866,1.133813,4.9826531,1.2226329E-40,false,1.1128966,5.5247598,45.944744,0.22069301,1.0955877,5.0,1.038476,1.800477,0.0099999998," 'Galaxy' ",1,32719,0,0,0,0,0,0
11740290,1,178.382294365759,-2.00857655,9.9999997E-5,0.0099999998,9.9999997E-5,9.9999997E-5,0.0099999998,0.0099999998,2.9978459,2.9978459,6.1661658,9.9235945,14.406425,15.810767,0.38715395,0.38715395,0.20222047,0.29729229,0.46094701,1.5699496,3.275249,3.275249,10.559395,16.612148,25.590479,21.229895,1.0627047,1.0627047,0.45554686,0.82081002,1.2490587,5.3888979,1.2226329E-40,false,1.6164141,3.915817,53.996346,0.069557697,0.16850583,5.0,1.212595,2.264724,0.0099999998," 'Galaxy' ",1,32742,0,0,0,0,0,0
